id,timestamp,platform,jobTitle,company,location,jobUrl,status,appliedAt,notes
naukri-c8907dc1e6164d408b6f6caa3cf78aa1,2026-07-26T07:58:07Z,naukri,Senior React Developer,Bamboo Works Noida,Remote,https://www.naukri.com/job-listings-senior-react-developer-bamboo-works-remote-2-to-6-years-220726500180,skipped,,external company application
naukri-de1848ceee9a4c33b77449179806859d,2026-07-26T07:58:08Z,naukri,Software Engineer III,"Bugcrowd
4.310 Reviews",Remote,https://www.naukri.com/job-listings-software-engineer-iii-bugcrowd-remote-3-to-8-years-240726506519,skipped,,external company application
naukri-a04f18c168c94941b8890c9c409f0209,2026-07-26T07:58:09Z,naukri,Software Engineer II,Spreetail,Remote,https://www.naukri.com/job-listings-software-engineer-ii-spreetail-inc-remote-2-to-5-years-220726500224,skipped,,external company application
naukri-42ef4d4ded974cabb1f53643a43c4e9e,2026-07-26T07:58:11Z,naukri,Senior Software Engineer,"Harris Healthcare
1.94 Reviews",Remote,https://www.naukri.com/job-listings-senior-software-engineer-harris-healthcare-remote-2-to-6-years-220726500120,skipped,,external company application
naukri-15afd210453c464a95269269ca02a56b,2026-07-26T07:58:12Z,naukri,Senior Software Engineer,"Harris Global Business Services
5.02 Reviews",Remote,https://www.naukri.com/job-listings-senior-software-engineer-harris-global-business-services-gbs-remote-2-to-6-years-220726500119,skipped,,external company application
naukri-6a465a5cce254fc3b4fd16c78ee736aa,2026-07-26T07:58:13Z,naukri,Software Engineer,"Forage Ai
3.528 Reviews",Remote,https://www.naukri.com/job-listings-software-engineer-forage-ai-remote-2-to-4-years-220726500156,skipped,,external company application
naukri-502d5945042e4b15a4fae0e31ff310af,2026-07-26T07:58:15Z,naukri,Senior Software Engineer,"ConnectWise
4.1145 Reviews",Remote,https://www.naukri.com/job-listings-senior-software-engineer-connectwise-remote-3-to-9-years-220726500253,skipped,,external company application
naukri-1f55f7f8652b4eb797cba424d388cc4e,2026-07-26T07:58:16Z,naukri,Java Engineer,Oddball,Remote,https://www.naukri.com/job-listings-java-engineer-oddball-remote-5-to-10-years-210726504109,skipped,,external company application
naukri-d384b477b5fe4408804bd225958f4b64,2026-07-26T07:58:18Z,naukri,Backend Software Engineer,"Clarion Technologies
4.0204 Reviews",REMOTE,https://www.naukri.com/job-listings-backend-software-engineer-clarion-technologies-pvt-ltd-remote-4-to-9-years-230726503943,skipped,,external company application
naukri-00291fdb7a7c4838b80b5aaf35deba59,2026-07-26T07:58:19Z,naukri,Senior Software Engineer,"Hypersonix
2.630 Reviews",Remote,https://www.naukri.com/job-listings-senior-software-engineer-hypersonix-remote-5-to-7-years-220726500175,skipped,,external company application
naukri-386f77feb2d74ca18bf723980c6a7aad,2026-07-26T07:58:21Z,naukri,"Senior Software Engineer, Quality Engineering",Alpaca,Remote,https://www.naukri.com/job-listings-senior-software-engineer-quality-engineering-alpaca-remote-5-to-10-years-230726500932,skipped,,external company application
naukri-272cd2d68da24307b993284649fbb65c,2026-07-26T07:58:22Z,naukri,Senior Software Engineer - Applications,Rentable Co,Remote,https://www.naukri.com/job-listings-senior-software-engineer-applications-rentable-remote-6-to-11-years-200726507020,skipped,,external company application
naukri-a419bf868b0846fea95d84ae279fafcb,2026-07-26T07:58:24Z,naukri,"Lead Software Engineer Platform / Backend (AWS, DevOps, Python)","Forage Ai
3.528 Reviews",Remote,https://www.naukri.com/job-listings-lead-software-engineer-platform-backend-aws-devops-python-forage-ai-remote-7-to-11-years-220726500161,skipped,,external company application
naukri-3292ae1641c54c0193d26b1fa619b121,2026-07-26T07:58:25Z,naukri,Senior Software Engineer,"Forage Ai
3.528 Reviews",Remote,https://www.naukri.com/job-listings-senior-software-engineer-forage-ai-remote-7-to-11-years-220726500248,skipped,,external company application
naukri-f22d4242cbc94cca84f6857075552c61,2026-07-26T07:58:26Z,naukri,Senior Software Engineer,"Harris Healthcare
1.94 Reviews",Remote,https://www.naukri.com/job-listings-senior-software-engineer-harris-healthcare-remote-8-to-9-years-220726500148,skipped,,external company application
naukri-dd609c31e277451482ccfab95d052020,2026-07-26T07:58:28Z,naukri,Lead Software Engineer,"Forage Ai
3.528 Reviews",Remote,https://www.naukri.com/job-listings-lead-software-engineer-forage-ai-remote-7-to-11-years-220726500255,skipped,,external company application
naukri-7e79fbdfcfd34faf9b0796f74a042a2b,2026-07-26T07:58:29Z,naukri,Senior Software Engineer,"Harris Global Business Services
5.02 Reviews",Remote,https://www.naukri.com/job-listings-senior-software-engineer-harris-global-business-services-gbs-remote-8-to-9-years-220726500147,skipped,,external company application
naukri-d30d869c94594623914f354597f8f1de,2026-07-26T07:58:31Z,naukri,Senior Software Engineer,Spreetail,Remote,https://www.naukri.com/job-listings-senior-software-engineer-spreetail-inc-remote-7-to-12-years-220726500281,skipped,,external company application
naukri-9ff5f3d41db447d5b82d2280968890f6,2026-07-26T07:58:32Z,naukri,"Staff Software Engineer, QE","Alphasense
3.071 Reviews",Remote,https://www.naukri.com/job-listings-staff-software-engineer-qe-alphasense-india-remote-8-to-13-years-230726500886,skipped,,external company application
naukri-f036201043374c60b5f209a51fbfff8a,2026-07-26T07:58:34Z,naukri,Sr. Software QA Automation Engineer,"Revvity
3.516 Reviews",Remote,https://www.naukri.com/job-listings-sr-software-qa-automation-engineer-revvity-healthcare-remote-7-to-12-years-240726506158,skipped,,external company application
naukri-01cec53398b74762965cb106c3c337c7,2026-07-26T07:58:40Z,naukri,Software Engineer,Manta Health,Remote,https://www.naukri.com/job-listings-software-engineer-manta-health-remote-3-to-5-years-200426504793,skipped,,external company application
naukri-9bedc9cc12834e869d352a620e2c5827,2026-07-26T07:58:41Z,naukri,Software Engineer,What The Food,Remote,https://www.naukri.com/job-listings-software-engineer-what-the-food-remote-1-to-4-years-100626502867,skipped,,external company application
naukri-bac69b5dd2904c2cbbb4b07f7efeafb1,2026-07-26T07:58:43Z,naukri,Scala Software Engineer,Upstack,remote,https://www.naukri.com/job-listings-scala-software-engineer-upstack-remote-2-to-5-years-260822501628,skipped,,external company application
naukri-7205dbc1dc8342b9814486823e55d4c6,2026-07-26T07:58:44Z,naukri,Software Engineer,"Sparix Global
5.05 Reviews",Remote,https://www.naukri.com/job-listings-software-engineer-sparix-global-private-limited-remote-1-to-4-years-240426500817,skipped,,external company application
naukri-b4d5c70531aa4e9aa4b9f98a273da567,2026-07-26T07:58:45Z,naukri,Software Engineer,"Frappe
2.02 Reviews",Remote,https://www.naukri.com/job-listings-software-engineer-frappe-technologies-pvt-ltd-remote-1-to-6-years-240626506644,skipped,,external company application
naukri-4b0d61b4224549a19f5c3bd8df5242b0,2026-07-26T07:58:47Z,naukri,Software Engineer,"Numerator
3.9274 Reviews",remote,https://www.naukri.com/job-listings-software-engineer-numerator-remote-0-to-5-years-090726507336,skipped,,external company application
naukri-ce55443ed72d4d31a5469da1ea646df1,2026-07-26T07:58:48Z,naukri,AI Software Engineer (Early Career),"Kiprosh
4.75 Reviews",Remote,https://www.naukri.com/job-listings-ai-software-engineer-early-career-kiprosh-remote-0-to-2-years-260526500398,skipped,,external company application
naukri-b459546edf784434831d3403e119581b,2026-07-26T07:58:50Z,naukri,Software Engineer,"Numerator
3.9274 Reviews",Remote,https://www.naukri.com/job-listings-software-engineer-numerator-remote-0-to-5-years-061125502204,skipped,,external company application
naukri-74d54acfbb2d49b0b654d10654f33705,2026-07-26T07:58:51Z,naukri,Software Engineer (Ad Serving Team),"Groundtruth
3.171 Reviews",Remote,https://www.naukri.com/job-listings-software-engineer-ad-serving-team-groundtruth-careers-remote-3-to-5-years-080726504201,skipped,,external company application
naukri-b5bc17510af54ae897a312b24b7d54b1,2026-07-26T07:58:53Z,naukri,Software Engineer,"Numerator
3.9274 Reviews",Remote,https://www.naukri.com/job-listings-software-engineer-numerator-remote-0-to-5-years-220426501825,skipped,,external company application
naukri-f250919df5ba41bbbbb57da732c3911a,2026-07-26T07:58:55Z,naukri,"Software Engineer (.Net, Angular)","Numerator
3.9274 Reviews",Remote,https://www.naukri.com/job-listings-software-engineer-net-angular-numerator-remote-0-to-5-years-020925503225,skipped,,external company application
naukri-d9a3819b34ba425bbd805db9c525de86,2026-07-26T07:58:56Z,naukri,Software Engineer,"Versante Software Technologies
2.13 Reviews",Remote,https://www.naukri.com/job-listings-software-engineer-versante-software-technologies-remote-2-to-4-years-100326504058,skipped,,external company application
naukri-0fe4ec3426784916a5a534575a4a66c4,2026-07-26T07:58:57Z,naukri,Software Engineer,Sadhana It Solutions,Remote,https://www.naukri.com/job-listings-software-engineer-sadhana-it-solutions-remote-2-to-4-years-090625500433,skipped,,external company application
naukri-c8e4de66ff3f4238a974de9b39fef66f,2026-07-26T07:59:00Z,naukri,Software Engineer,"Replicon
3.5156 Reviews",Remote,https://www.naukri.com/job-listings-software-engineer-replicon-software-india-pvt-ltd-remote-1-to-4-years-140526500529,skipped,,external company application
naukri-9853c652d75c4862a8b856b156ad06a9,2026-07-26T07:59:02Z,naukri,Software Engineer,Aisquare,Remote,https://www.naukri.com/job-listings-software-engineer-ai-square-remote-1-to-5-years-040825506387,skipped,,external company application
naukri-73b8eabdfe1c47c5b2322ca592ba5bbc,2026-07-26T07:59:03Z,naukri,Software Engineer,Neotechie,REMOTE,https://www.naukri.com/job-listings-software-engineer-neotechie-private-limited-remote-2-to-5-years-140726504179,skipped,,external company application
naukri-2cc8e6bcf8fe416eb149ccb9b58a8879,2026-07-26T07:59:05Z,naukri,Software Engineer,"Deltek
3.436 Reviews",Remote,https://www.naukri.com/job-listings-software-engineer-deltek-enterprises-private-limited-remote-3-to-5-years-200526504705,skipped,,external company application
naukri-86d5e697dc3546a5b4cac232ca51494b,2026-07-26T07:59:06Z,naukri,AI Software Engineer,Open Fabric,remote,https://www.naukri.com/job-listings-ai-software-engineer-open-fabric-remote-3-to-7-years-140224500112,skipped,,external company application
naukri-bc6c9e1640e04fec89bde441520ebab9,2026-07-26T07:59:08Z,naukri,Software Engineer,"CDF Infra Con
4.110 Reviews",Remote,https://www.naukri.com/job-listings-software-engineer-cdf-infra-con-private-limited-remote-4-to-6-years-141125503592,skipped,,external company application
naukri-8fde6e401b23403080ceec94c2fb1b2d,2026-07-26T07:59:18Z,naukri,Java Full Stack Developer,"Sigma Allied Services
4.174 Reviews",Remote,https://www.naukri.com/job-listings-java-full-stack-developer-sigma-allied-services-private-limited-remote-3-to-7-years-210726504275,skipped,,external company application
naukri-91e987cd584b4d68aa7e1d4c8c5f2d2e,2026-07-26T07:59:20Z,naukri,Java developer,"Sigma Allied Services
4.174 Reviews",Remote,https://www.naukri.com/job-listings-java-developer-sigma-allied-services-private-limited-remote-2-to-7-years-210726504289,skipped,,external company application
naukri-4ea452af4ea84e1cabc0c8a7073be1a8,2026-07-26T07:59:21Z,naukri,Senior Full Stack Developer,NS Global Corporation,Remote,https://www.naukri.com/job-listings-senior-full-stack-developer-ns-global-corporation-remote-2-to-6-years-240726505912,skipped,,external company application
naukri-e1d8c93240b14bf5976333cd00083a0d,2026-07-26T07:59:23Z,naukri,Linux/Java Developer,"Sigma Allied Services
4.174 Reviews",Remote,https://www.naukri.com/job-listings-linux-java-developer-sigma-allied-services-private-limited-remote-2-to-7-years-210726504250,skipped,,external company application
naukri-4733012b79424bee90da1b199b7b2f0e,2026-07-26T07:59:53Z,naukri,Fullstack Java Application Developer,Tringapps Research Labs,"Remote, Chennai, Bengaluru",https://www.naukri.com/job-listings-fullstack-java-application-developer-tringapps-research-labs-remote-chennai-bengaluru-4-to-6-years-240726030624,failed,,application interaction failed: NoSuchWindowException
naukri-b457701394b54d29bab9dc0937b8e57e,2026-07-26T07:59:53Z,naukri,Finacle Customization Consultant (Loans),Aarushi Infotech,Remote,https://www.naukri.com/job-listings-finacle-customization-consultant-loans-aarushi-infotech-remote-3-to-4-years-210726504496,failed,,application interaction failed: NoSuchWindowException
naukri-6fb2f31e32614e11874f5823ee07c4fd,2026-07-26T07:59:53Z,naukri,Oracle APEX Developer,Ayotta Technologies,Remote,https://www.naukri.com/job-listings-oracle-apex-developer-ayotta-technologies-pvt-ltd-remote-2-to-6-years-200726506681,failed,,application interaction failed: NoSuchWindowException
naukri-ce5ae0ad7e1146b1831259fded41894a,2026-07-26T07:59:54Z,naukri,SAP BTP Integration Developer,Technoforce It Solutions,Remote,https://www.naukri.com/job-listings-sap-btp-integration-developer-technoforce-it-solutions-pvt-ltd-remote-3-to-8-years-230726500952,failed,,application interaction failed: NoSuchWindowException
naukri-d1cd11504d454bd8bf2d99c141d0a034,2026-07-26T07:59:54Z,naukri,Flutter Full Stack Mobile Developer (FinTech),Ebizon Net Info,Remote,https://www.naukri.com/job-listings-flutter-full-stack-mobile-developer-fintech-ebizon-net-info-pvt-ltd-remote-4-to-5-years-220726500159,failed,,application interaction failed: NoSuchWindowException
naukri-44580bf56f9c43478b7f3279b21f38ff,2026-07-26T07:59:54Z,naukri,Sr. Backend Java Developer,Sigma Allied Services,Remote,https://www.naukri.com/job-listings-sr-backend-java-developer-sigma-allied-services-private-limited-remote-4-to-9-years-210726504288,failed,,application interaction failed: NoSuchWindowException
naukri-f5d670db3c2d4dec8b72db095aaf7deb,2026-07-26T07:59:55Z,naukri,Automation QA,Sigma Allied Services,Remote,https://www.naukri.com/job-listings-automation-qa-sigma-allied-services-private-limited-remote-3-to-5-years-210726504344,failed,,application interaction failed: NoSuchWindowException
naukri-f95e3a17bb394853833edd2771bfa241,2026-07-26T07:59:55Z,naukri,Senior Java Developer (Microservices & Azure),Zetamicron Technologies,Remote,https://www.naukri.com/job-listings-senior-java-developer-microservices-azure-zetamicron-technologies-private-limited-remote-7-to-9-years-240726506123,failed,,application interaction failed: NoSuchWindowException
naukri-03e3df36fa8f44da82319759d0161518,2026-07-26T07:59:55Z,naukri,Tibco Developer,Sigma Allied Services,Remote,https://www.naukri.com/job-listings-tibco-developer-sigma-allied-services-private-limited-remote-5-to-8-years-210726504064,failed,,application interaction failed: NoSuchWindowException
naukri-fad2e6c466944175826dd3539f052274,2026-07-26T07:59:55Z,naukri,Java Angular Developer,Workiy Technologies,Remote,https://www.naukri.com/job-listings-java-angular-developer-workiy-inc-remote-8-to-13-years-220726500318,failed,,application interaction failed: NoSuchWindowException
naukri-1703b2cc538b464eafc5ca12300a67e0,2026-07-26T07:59:56Z,naukri,Nodejs developer,Sigma Allied Services,Remote,https://www.naukri.com/job-listings-nodejs-developer-sigma-allied-services-private-limited-remote-7-to-12-years-210726504078,failed,,application interaction failed: NoSuchWindowException
naukri-295108d70329477583b537f04873d5fe,2026-07-26T07:59:56Z,naukri,Calypso Developer,Orbion Infotech,Remote,https://www.naukri.com/job-listings-calypso-developer-orbion-infotech-remote-5-to-7-years-210726504338,failed,,application interaction failed: NoSuchWindowException
naukri-250de399e2b34d68a3dccbb8710f9945,2026-07-26T07:59:56Z,naukri,Full Stack Developer,Sigma Allied Services,Remote,https://www.naukri.com/job-listings-full-stack-developer-sigma-allied-services-private-limited-remote-7-to-12-years-210726504106,failed,,application interaction failed: NoSuchWindowException
naukri-03c4e7bc785f4a84a6892ec50746b083,2026-07-26T07:59:57Z,naukri,Intellect AI - Java Integration Professional,Exavalu,Remote,https://www.naukri.com/job-listings-intellect-ai-java-integration-professional-exavalu-remote-6-to-10-years-210726504408,failed,,application interaction failed: NoSuchWindowException
naukri-ece5629975094d8484ee38088921dd74,2026-07-26T07:59:57Z,naukri,Senior Developer - OMS,Tidal Commerce,Remote,https://www.naukri.com/job-listings-senior-developer-oms-tidal-commerce-remote-6-to-11-years-230726500907,failed,,application interaction failed: NoSuchWindowException
naukri-cb54d92a37c14f32ac909ad8172098d7,2026-07-26T07:59:57Z,naukri,Security Engineer and AWS DevOps engineer,Sigma Allied Services,Remote,https://www.naukri.com/job-listings-security-engineer-and-aws-devops-engineer-sigma-allied-services-private-limited-remote-8-to-13-years-210726504104,failed,,application interaction failed: NoSuchWindowException
