Job ID,Title,Company,Work Location,Work Style,About Job,Experience required,Skills required,HR Name,HR Link,Resume,Re-posted,Date Posted,Date Applied,Job Link,External Job link,Questions Found,Connect Request
NK_1781249879,Java Developer,Trantor,Pune,Remote,Applied via Naukri Bot Integration,4,Java Full Stack Developer,Unknown,Unknown,PAVAN_WAKADE_4+.pdf,No,2026-06-12,2026-06-12 13:07:59,https://www.naukri.com/job-listings-java-developer-trantor-noida-5-to-10-years-110626017798,Naukri Applied,None,No
NK_1781250016,Java Developer,Trantor,Pune,Remote,Applied via Naukri Bot Integration,4,Java Full Stack Developer,Unknown,Unknown,PAVAN_WAKADE_4+.pdf,No,2026-06-12,2026-06-12 13:10:16,https://www.naukri.com/job-listings-java-developer-trantor-noida-5-to-10-years-110626017798,Naukri Applied,None,No
NK_1781251836,Java Developer,Revolut,Pune,Remote,Applied via Naukri Bot Integration,4,Java Full Stack Developer,Unknown,Unknown,PAVAN_WAKADE_4+.pdf,No,2026-06-12,2026-06-12 13:40:36,https://www.naukri.com/job-listings-java-developer-hackajob-mumbai-all-areas-6-to-11-years-080626018150,Naukri Applied,None,No
NK_1781255594,React & Node.js Full Stack Developer,Start And Grow,Pune,On-style,Applied via Naukri Bot Integration,4,Java Full Stack Developer,Unknown,Unknown,PAVAN_WAKADE_4+.pdf,No,2026-06-12,2026-06-12 14:43:14,https://startandgrow.co/react-node-js-full-stack-developer/,Naukri Applied,None,No
NK_1781256929,Java Full Stack Developer,Vrinda International,Pune,On-style,Applied via Naukri Bot Integration,4,Java Full Stack Developer,Unknown,Unknown,PAVAN_WAKADE_4+.pdf,No,2026-06-12,2026-06-12 15:05:29,https://vrinda-international.zohorecruit.in/jobs/Careers/213322000002882039,Naukri Applied,None,No
NK_1781257443,FullStack Engineer,Rocketdevs,Pune,On-style,Applied via Naukri Bot Integration,4,Java Full Stack Developer,Unknown,Unknown,PAVAN_WAKADE_4+.pdf,No,2026-06-12,2026-06-12 15:14:03,https://hivemind.hr/application/219ffc5b-12aa-4556-984e-008945b3f15c,Naukri Applied,None,No
NK_1781257540,Software Engineer,What The Food,Pune,On-style,Applied via Naukri Bot Integration,4,Java Full Stack Developer,Unknown,Unknown,PAVAN_WAKADE_4+.pdf,No,2026-06-12,2026-06-12 15:15:40,https://whatthefood.in/join-us,Naukri Applied,None,No
NK_1781257847,,,Pune,On-style,Applied via Naukri Bot Integration,4,Java Full Stack Developer,Unknown,Unknown,PAVAN_WAKADE_4+.pdf,No,2026-06-12,2026-06-12 15:20:47,https://techbinge.org/public/career,Naukri Applied,None,No
NK_1781258958,Java Full Stack Developer,Java R&D,Pune,On-style,Applied via Naukri Bot Integration,4,Java Full Stack Developer,Unknown,Unknown,PAVAN_WAKADE_4+.pdf,No,2026-06-12,2026-06-12 15:39:18,https://www.naukri.com/job-listings-java-full-stack-developer-java-r-d-remote-8-to-18-years-050626025931,Naukri Applied,None,No
NK_1781259244,Senior Software Engineer (Java),Cayuse,Pune,On-style,Applied via Naukri Bot Integration,4,Java Full Stack Developer,Unknown,Unknown,PAVAN_WAKADE_4+.pdf,No,2026-06-12,2026-06-12 15:44:04,https://job-boards.greenhouse.io/cayuse/jobs/8497242002/confirmation,Naukri Applied,None,No
NK_1781259459,Senior Software Engineer,Saguna Consulting Services,Pune,On-style,Applied via Naukri Bot Integration,4,Java Full Stack Developer,Unknown,Unknown,PAVAN_WAKADE_4+.pdf,No,2026-06-12,2026-06-12 15:47:39,https://www.naukri.com/job-listings-senior-software-engineer-saguna-consulting-services-remote-8-to-20-years-100626011184,Naukri Applied,None,No
NK_1781259556,Java Developer,Java R&D,Pune,On-style,Applied via Naukri Bot Integration,4,Java Full Stack Developer,Unknown,Unknown,PAVAN_WAKADE_4+.pdf,No,2026-06-12,2026-06-12 15:49:16,https://www.naukri.com/job-listings-java-developer-java-r-d-remote-8-to-15-years-020626018491,Naukri Applied,None,No
NK_1781259598,Backend Java Developer,Accion Labs,Pune,On-style,Applied via Naukri Bot Integration,4,Java Full Stack Developer,Unknown,Unknown,PAVAN_WAKADE_4+.pdf,No,2026-06-12,2026-06-12 15:49:58,https://www.naukri.com/job-listings-backend-java-developer-accion-labs-remote-pune-bengaluru-5-to-13-years-120626004089,Naukri Applied,None,No
NK_1781259815,Backend Developer,4labs Technologies,Pune,On-style,Applied via Naukri Bot Integration,4,Java Full Stack Developer,Unknown,Unknown,PAVAN_WAKADE_4+.pdf,No,2026-06-12,2026-06-12 15:53:35,https://www.4labsinc.com/careers/backend-developer,Naukri Applied,None,No
NK_1781259891,Fullstack Engineer,Encora,Pune,On-style,Applied via Naukri Bot Integration,4,Java Full Stack Developer,Unknown,Unknown,PAVAN_WAKADE_4+.pdf,No,2026-06-12,2026-06-12 15:54:51,https://www.naukri.com/job-listings-fullstack-engineer-encora-remote-8-to-13-years-130526026845,Naukri Applied,None,No
NK_1781260084,Senior Backend Developer (RDBMS + Node.js) || Immediate Joiner,Profex Tech,Pune,On-style,Applied via Naukri Bot Integration,4,Java Full Stack Developer,Unknown,Unknown,PAVAN_WAKADE_4+.pdf,No,2026-06-12,2026-06-12 15:58:04,https://www.naukri.com/job-listings-senior-backend-developer-rdbms-node-js-immediate-joiner-profex-tech-remote-5-to-10-years-040626023656,Naukri Applied,None,No
NK_1781423510,Java Full Stack Developer(React js),IPS group,Pune,On-style,Applied via Naukri Bot Integration,4,Java Full Stack Developer,Unknown,Unknown,PAVAN_WAKADE_4+.pdf,No,2026-06-14,2026-06-14 13:21:50,https://www.naukri.com/job-listings-java-full-stack-developer-react-js-integrated-personnel-services-hyderabad-pune-chennai-5-to-10-years-050626026273,Naukri Applied,None,No
NK_1781423538,Java Full Stack Developer,Hexaware Technologies,Pune,On-style,Applied via Naukri Bot Integration,4,Java Full Stack Developer,Unknown,Unknown,PAVAN_WAKADE_4+.pdf,No,2026-06-14,2026-06-14 13:22:18,https://www.naukri.com/job-listings-java-full-stack-developer-hexaware-technologies-hyderabad-pune-chennai-5-to-10-years-090626032445,Naukri Applied,None,No
NK_1781423577,Software Engineer,"NTT DATA, Inc.",Pune,On-style,Applied via Naukri Bot Integration,4,Java Full Stack Developer,Unknown,Unknown,PAVAN_WAKADE_4+.pdf,No,2026-06-14,2026-06-14 13:22:57,https://www.naukri.com/job-listings-software-engineer-ntt-data-inc-pune-chennai-bengaluru-3-to-5-years-110626017364,Naukri Applied,None,No
NK_1781423634,Java Full Stack developer(React JS),Infosys,Pune,On-style,Applied via Naukri Bot Integration,4,Java Full Stack Developer,Unknown,Unknown,PAVAN_WAKADE_4+.pdf,No,2026-06-14,2026-06-14 13:23:54,https://www.naukri.com/job-listings-java-full-stack-developer-react-js-infosys-hyderabad-pune-bengaluru-5-to-9-years-220526031884,Naukri Applied,None,No
NK_1781423673,Java Full Stack developer(Angular JS) - Bengaluru,Infosys,Pune,On-style,Applied via Naukri Bot Integration,4,Java Full Stack Developer,Unknown,Unknown,PAVAN_WAKADE_4+.pdf,No,2026-06-14,2026-06-14 13:24:33,https://www.naukri.com/job-listings-java-full-stack-developer-angular-js-bengaluru-infosys-hyderabad-pune-bengaluru-5-to-9-years-210526015812,Naukri Applied,None,No
NK_1781423694,Java Full Stack developer - (Bengaluru),Infosys,Pune,On-style,Applied via Naukri Bot Integration,4,Java Full Stack Developer,Unknown,Unknown,PAVAN_WAKADE_4+.pdf,No,2026-06-14,2026-06-14 13:24:54,https://www.naukri.com/job-listings-java-full-stack-developer-bengaluru-infosys-hyderabad-chennai-bengaluru-2-to-5-years-060626005174,Naukri Applied,None,No
NK_1781423756,Java Full Stack Developer - Java + Angular,Epam Systems,Pune,On-style,Applied via Naukri Bot Integration,4,Java Full Stack Developer,Unknown,Unknown,PAVAN_WAKADE_4+.pdf,No,2026-06-14,2026-06-14 13:25:56,https://www.naukri.com/job-listings-java-full-stack-developer-java-angular-epam-systems-hyderabad-chennai-bengaluru-5-to-10-years-080626008737,Naukri Applied,None,No
NK_1781423798,Java Full Stack Developer,Crescendo Global,Pune,On-style,Applied via Naukri Bot Integration,4,Java Full Stack Developer,Unknown,Unknown,PAVAN_WAKADE_4+.pdf,No,2026-06-14,2026-06-14 13:26:38,https://www.naukri.com/job-listings-java-full-stack-developer-crescendo-global-leadership-hiring-india-gurugram-chennai-bengaluru-5-to-8-years-120626008559,Naukri Applied,None,No
NK_1781423857,Java Full Stack Developer- B,Infosys,Pune,On-style,Applied via Naukri Bot Integration,4,Java Full Stack Developer,Unknown,Unknown,PAVAN_WAKADE_4+.pdf,No,2026-06-14,2026-06-14 13:27:37,https://www.naukri.com/job-listings-java-full-stack-developer-b-infosys-hyderabad-chennai-bengaluru-3-to-8-years-010526021546,Naukri Applied,None,No
NK_1781424077,Java Full Stack Developer,Orcapod Consulting Services Private Limited,Pune,On-style,Applied via Naukri Bot Integration,4,Java Full Stack Developer,Unknown,Unknown,PAVAN_WAKADE_4+.pdf,No,2026-06-14,2026-06-14 13:31:17,https://www.naukri.com/job-listings-java-full-stack-developer-orcapod-consulting-services-noida-chennai-bengaluru-5-to-10-years-110626014732,Naukri Applied,None,No
NK_1781424167,Java Full Stack Developer,Peoplelogic Business Solutions,Pune,On-style,Applied via Naukri Bot Integration,4,Java Full Stack Developer,Unknown,Unknown,PAVAN_WAKADE_4+.pdf,No,2026-06-14,2026-06-14 13:32:47,https://www.naukri.com/job-listings-java-full-stack-developer-peoplelogic-business-solutions-hyderabad-pune-bengaluru-5-to-10-years-110626012198,Naukri Applied,None,No
NK_1781451884,Java Full Stack Developer-Blr(Raj),Infosys,Pune,On-style,Applied via Naukri Bot Integration,4,Java Full Stack Developer,Unknown,Unknown,PAVAN_WAKADE_4+.pdf,No,2026-06-14,2026-06-14 21:14:44,https://www.naukri.com/job-listings-java-full-stack-developer-blr-raj-infosys-hyderabad-chennai-bengaluru-5-to-10-years-050326012914,Naukri Applied,None,No
NK_1781451908,Java Full Stack Developer- B,Infosys,Pune,On-style,Applied via Naukri Bot Integration,4,Java Full Stack Developer,Unknown,Unknown,PAVAN_WAKADE_4+.pdf,No,2026-06-14,2026-06-14 21:15:08,https://www.naukri.com/job-listings-java-full-stack-developer-b-infosys-hyderabad-chennai-bengaluru-3-to-8-years-230426034548,Naukri Applied,None,No
NK_1781452497,Java Full Stack Developer,Cloudxtreme,Pune,On-style,Applied via Naukri Bot Integration,4,Java Full Stack Developer,Unknown,Unknown,PAVAN_WAKADE_4+.pdf,No,2026-06-14,2026-06-14 21:24:57,https://www.naukri.com/job-listings-java-full-stack-developer-cloudxtreme-hyderabad-coimbatore-bengaluru-4-to-8-years-280526010532,Naukri Applied,None,No
NK_1781453095,Java Full Stack Developer,Cloudxtreme,Pune,On-style,Applied via Naukri Bot Integration,4,Java Full Stack Developer,Unknown,Unknown,PAVAN_WAKADE_4+.pdf,No,2026-06-14,2026-06-14 21:34:55,https://www.naukri.com/job-listings-java-full-stack-developer-cloudxtreme-hyderabad-coimbatore-bengaluru-4-to-8-years-280526010532,Naukri Applied,None,No
NK_1781453119,Java Full Stack Developer (5-8 Years | PAN India),It is confidential,Pune,On-style,Applied via Naukri Bot Integration,4,Java Full Stack Developer,Unknown,Unknown,PAVAN_WAKADE_4+.pdf,No,2026-06-14,2026-06-14 21:35:19,https://www.naukri.com/job-listings-java-full-stack-developer-5-8-years-pan-india-anlage-infotech-pune-gurugram-bengaluru-5-to-8-years-220426038206,Naukri Applied,None,No
NK_1781453150,Java Full Stack Developer,Tata Consultancy Services,Pune,On-style,Applied via Naukri Bot Integration,4,Java Full Stack Developer,Unknown,Unknown,PAVAN_WAKADE_4+.pdf,No,2026-06-14,2026-06-14 21:35:50,https://www.naukri.com/job-listings-java-full-stack-developer-tata-consultancy-services-hyderabad-chennai-bengaluru-5-to-10-years-030626030300,Naukri Applied,None,No
NK_1781454111,Java Full Stack Developer,Premium,Pune,On-style,Applied via Naukri Bot Integration,4,Java Full Stack Developer,Unknown,Unknown,PAVAN_WAKADE_4+.pdf,No,2026-06-14,2026-06-14 21:51:51,https://www.naukri.com/job-listings-java-full-stack-developer-pune-chennai-bengaluru-5-to-8-years-110626011156,Naukri Applied,None,No
NK_1781454198,Java Full Stack Developer,Wipro,Pune,On-style,Applied via Naukri Bot Integration,4,Java Full Stack Developer,Unknown,Unknown,PAVAN_WAKADE_4+.pdf,No,2026-06-14,2026-06-14 21:53:18,https://www.naukri.com/job-listings-java-full-stack-developer-wipro-hyderabad-pune-bengaluru-5-to-10-years-090626016125,Naukri Applied,None,No
NK_1781454217,Java Full Stack Developer,Infosys,Pune,On-style,Applied via Naukri Bot Integration,4,Java Full Stack Developer,Unknown,Unknown,PAVAN_WAKADE_4+.pdf,No,2026-06-14,2026-06-14 21:53:37,https://www.naukri.com/job-listings-java-full-stack-developer-infosys-hyderabad-chennai-bengaluru-5-to-10-years-301225031256,Naukri Applied,None,No
NK_1781490692,Java Full Stack Developer-G,Infosys,Pune,On-style,Applied via Naukri Bot Integration,4,Java Full Stack Developer,Unknown,Unknown,PAVAN_WAKADE_4+.pdf,No,2026-06-15,2026-06-15 08:01:32,https://www.naukri.com/job-listings-java-full-stack-developer-g-infosys-hyderabad-chennai-bengaluru-5-to-8-years-240426031025,Naukri Applied,None,No
NK_1781498185,Java Full Stack Developer with React js,Tata Consultancy Services,Pune,On-style,Applied via Naukri Bot Integration,4,Java Full Stack Developer,Unknown,Unknown,PAVAN_WAKADE_4+.pdf,No,2026-06-15,2026-06-15 10:06:25,https://www.naukri.com/job-listings-java-full-stack-developer-with-react-js-tata-consultancy-services-hyderabad-pune-chennai-5-to-10-years-140626003176,Naukri Applied,None,No
NK_1781498342,Java Full Stack Developer-G,Infosys,Pune,On-style,Applied via Naukri Bot Integration,4,Java Full Stack Developer,Unknown,Unknown,PAVAN_WAKADE_4+.pdf,No,2026-06-15,2026-06-15 10:09:02,https://www.naukri.com/job-listings-java-full-stack-developer-g-infosys-hyderabad-chennai-bengaluru-5-to-8-years-240426031025,Naukri Applied,None,No
NK_1781498663,Java Full Stack Developer,Hiring for GCC,Pune,Remote,Applied via Naukri Bot Integration,4,Java Full Stack Developer,Unknown,Unknown,PAVAN_WAKADE_4+.pdf,No,2026-06-15,2026-06-15 10:14:23,https://www.naukri.com/job-listings-java-full-stack-developer-wrtr-ink-llp-pune-7-to-12-years-270526008216,Naukri Applied,None,No
NK_1781498683,Technical Lead,ti Steps,Pune,Remote,Applied via Naukri Bot Integration,4,Java Full Stack Developer,Unknown,Unknown,PAVAN_WAKADE_4+.pdf,No,2026-06-15,2026-06-15 10:14:43,https://www.naukri.com/job-listings-technical-lead-ti-steps-chennai-5-to-8-years-080526012454,Naukri Applied,None,No
NK_1781498988,Senior Full-Stack Developer (Immediate Joiners Only),Straive,Pune,Remote,Applied via Naukri Bot Integration,4,Java Full Stack Developer,Unknown,Unknown,PAVAN_WAKADE_4+.pdf,No,2026-06-15,2026-06-15 10:19:48,https://www.naukri.com/job-listings-senior-full-stack-developer-immediate-joiners-only-straive-hyderabad-5-to-8-years-100626022484,Naukri Applied,None,No
NK_1781499029,"Fullstack Ui Developer (Java, Spring Boot)",Hach Technologies,Pune,Remote,Applied via Naukri Bot Integration,4,Java Full Stack Developer,Unknown,Unknown,PAVAN_WAKADE_4+.pdf,No,2026-06-15,2026-06-15 10:20:29,https://www.naukri.com/job-listings-fullstack-ui-developer-java-spring-boot-hach-technologies-hyderabad-3-to-5-years-260526011925,Naukri Applied,None,No
NK_1781499195,Full Stack Developer / Front End/ Backend Developer- WFH,Optimeyes Ai,Pune,Remote,Applied via Naukri Bot Integration,4,Java Full Stack Developer,Unknown,Unknown,PAVAN_WAKADE_4+.pdf,No,2026-06-15,2026-06-15 10:23:15,https://www.naukri.com/job-listings-full-stack-developer-front-end-backend-developer-wfh-optimeyes-ai-pune-9-to-14-years-100626031649,Naukri Applied,None,No
NK_1781499217,Dot Net Developer (React),US based Software Company,Pune,Remote,Applied via Naukri Bot Integration,4,Java Full Stack Developer,Unknown,Unknown,PAVAN_WAKADE_4+.pdf,No,2026-06-15,2026-06-15 10:23:37,https://www.naukri.com/job-listings-dot-net-developer-react-see-outside-surabhi-placement-services-pune-pune-3-to-5-years-050626005767,Naukri Applied,None,No
NK_1781499268,Angular Frontend Developer,iit jobs,Pune,Remote,Applied via Naukri Bot Integration,4,Java Full Stack Developer,Unknown,Unknown,PAVAN_WAKADE_4+.pdf,No,2026-06-15,2026-06-15 10:24:28,https://www.naukri.com/job-listings-angular-frontend-developer-iitjobs-inc-bengaluru-6-to-11-years-030626019937,Naukri Applied,None,No
NK_1781499289,Fullstack Developer,Spark Info Solutions,Pune,Remote,Applied via Naukri Bot Integration,4,Java Full Stack Developer,Unknown,Unknown,PAVAN_WAKADE_4+.pdf,No,2026-06-15,2026-06-15 10:24:49,https://www.naukri.com/job-listings-fullstack-developer-spark-info-solutions-hyderabad-0-to-1-years-280526029403,Naukri Applied,None,No
NK_1781499340,Node Js Developer,Nithminds,Pune,Remote,Applied via Naukri Bot Integration,4,Java Full Stack Developer,Unknown,Unknown,PAVAN_WAKADE_4+.pdf,No,2026-06-15,2026-06-15 10:25:40,https://www.naukri.com/job-listings-node-js-developer-nithminds-bengaluru-5-to-6-years-130626009615,Naukri Applied,None,No
NK_1781499548,Software Developer IV-IN,Rackspace Technology,Pune,Remote,Applied via Naukri Bot Integration,4,Java Full Stack Developer,Unknown,Unknown,PAVAN_WAKADE_4+.pdf,No,2026-06-15,2026-06-15 10:29:08,https://www.naukri.com/job-listings-software-developer-iv-in-rackspace-technology-gurugram-8-to-11-years-070426010666,Naukri Applied,None,No
NK_1781499632,Senior Software Engineer,JustAnswer Innovations India Private Limited,Pune,Remote,Applied via Naukri Bot Integration,4,Java Full Stack Developer,Unknown,Unknown,PAVAN_WAKADE_4+.pdf,No,2026-06-15,2026-06-15 10:30:32,https://www.naukri.com/job-listings-senior-software-engineer-justanswer-innovations-india-private-limited-bengaluru-5-to-10-years-110626019809,Naukri Applied,None,No
NK_1781499971,Senior Software Engineer,JustAnswer Innovations India Private Limited,Pune,Remote,Applied via Naukri Bot Integration,4,Java Full Stack Developer,Unknown,Unknown,PAVAN_WAKADE_4+.pdf,No,2026-06-15,2026-06-15 10:36:11,https://www.naukri.com/job-listings-senior-software-engineer-justanswer-innovations-india-private-limited-bengaluru-5-to-10-years-110626019809,Naukri Applied,None,No
NK_1781516051,Java Full Stack Developer,Acesoft Labs,Pune,Remote,Applied via Naukri Bot Integration,4,Java Full Stack Developer,Unknown,Unknown,PAVAN_WAKADE_4+.pdf,No,2026-06-15,2026-06-15 15:04:11,https://www.naukri.com/job-listings-java-full-stack-developer-acesoft-labs-bengaluru-6-to-11-years-220426011252,Naukri Applied,None,No
NK_1781516238,Technical Lead - Java || Remote/WFH || Contract without PF || MNC,Carnation Infotech,Pune,Remote,Applied via Naukri Bot Integration,4,Java Full Stack Developer,Unknown,Unknown,PAVAN_WAKADE_4+.pdf,No,2026-06-15,2026-06-15 15:07:18,https://www.naukri.com/job-listings-technical-lead-java-remote-wfh-contract-without-pf-mnc-carnation-infotech-lucknow-8-to-13-years-150626005854,Naukri Applied,None,No
NK_1781516466,Java Developer,GForce Consulting Solutions,Pune,Remote,Applied via Naukri Bot Integration,4,Java Full Stack Developer,Unknown,Unknown,PAVAN_WAKADE_4+.pdf,No,2026-06-15,2026-06-15 15:11:06,https://www.gforces.in/home,Naukri Applied,None,No
NK_1781516614,Java Developer,Ovitech Solutions,Pune,Remote,Applied via Naukri Bot Integration,4,Java Full Stack Developer,Unknown,Unknown,PAVAN_WAKADE_4+.pdf,No,2026-06-15,2026-06-15 15:13:34,https://ovitechsolution.com/jobs/java-developer/,Naukri Applied,None,No
NK_1781516706,Java Developer,Crayontek,Pune,Remote,Applied via Naukri Bot Integration,4,Java Full Stack Developer,Unknown,Unknown,PAVAN_WAKADE_4+.pdf,No,2026-06-15,2026-06-15 15:15:06,https://crayontek.com/career.html#meeting,Naukri Applied,None,No
NK_1781516771,Java Developer,TechKnowledgeHub.org,Pune,Remote,Applied via Naukri Bot Integration,4,Java Full Stack Developer,Unknown,Unknown,PAVAN_WAKADE_4+.pdf,No,2026-06-15,2026-06-15 15:16:11,https://job.techknowledgehub.org/jobs/java-developer-wfh-remote-job/,Naukri Applied,None,No
NK_1781517235,Java Developer,Recruitly,Pune,Remote,Applied via Naukri Bot Integration,4,Java Full Stack Developer,Unknown,Unknown,PAVAN_WAKADE_4+.pdf,No,2026-06-15,2026-06-15 15:23:55,https://recruitly.io/careers?id=recr3e2d077120f54e768db848e358b3d802,Naukri Applied,None,No
NK_1781517273,Java Developer with AI Focus,Verdantis,Pune,Remote,Applied via Naukri Bot Integration,4,Java Full Stack Developer,Unknown,Unknown,PAVAN_WAKADE_4+.pdf,No,2026-06-15,2026-06-15 15:24:33,https://verdantis.talismatic.com/jobs/JDEAYLRH4,Naukri Applied,None,No
NK_1781517320,Java Developers,JK Lucent,Pune,Remote,Applied via Naukri Bot Integration,4,Java Full Stack Developer,Unknown,Unknown,PAVAN_WAKADE_4+.pdf,No,2026-06-15,2026-06-15 15:25:20,https://jklucent.com/java-developers/,Naukri Applied,None,No
NK_1781517356,Mid Experience Java Developer,Crayontek,Pune,Remote,Applied via Naukri Bot Integration,4,Java Full Stack Developer,Unknown,Unknown,PAVAN_WAKADE_4+.pdf,No,2026-06-15,2026-06-15 15:25:56,https://crayontek.com/career.html#meeting,Naukri Applied,None,No
NK_1781517423,Java Developer,Irisidea,Pune,Remote,Applied via Naukri Bot Integration,4,Java Full Stack Developer,Unknown,Unknown,PAVAN_WAKADE_4+.pdf,No,2026-06-15,2026-06-15 15:27:03,https://irisidea.com/java-developer-core-java-junit-mockito-jmock-springboot/,Naukri Applied,None,No
NK_1781527642,Senior Drupal Developer | MySQL is mandatory,APA Engineering,Pune,Remote,Applied via Naukri Bot Integration,4,Java Full Stack Developer,Unknown,Unknown,PAVAN_WAKADE_4+.pdf,No,2026-06-15,2026-06-15 18:17:22,https://www.naukri.com/job-listings-senior-drupal-developer-mysql-is-mandatory-apa-engineering-chennai-4-to-8-years-190126020139,Naukri Applied,None,No
NK_1781528057,AI Engineer/ AI Developer,TSIT Digital,Pune,Remote,Applied via Naukri Bot Integration,4,Java Full Stack Developer,Unknown,Unknown,PAVAN_WAKADE_4+.pdf,No,2026-06-15,2026-06-15 18:24:17,https://www.naukri.com/job-listings-ai-engineer-ai-developer-tsit-digital-technologies-bengaluru-3-to-5-years-150626028542,Naukri Applied,None,No
NK_1781528214,JAVA Developer,Citta Solutions,Pune,Remote,Applied via Naukri Bot Integration,4,Java Full Stack Developer,Unknown,Unknown,PAVAN_WAKADE_4+.pdf,No,2026-06-15,2026-06-15 18:26:54,https://www.cittasolutions.com/apply-job,Naukri Applied,None,No
NK_1781528257,Java Developer,NTK Creative Tech,Pune,Remote,Applied via Naukri Bot Integration,4,Java Full Stack Developer,Unknown,Unknown,PAVAN_WAKADE_4+.pdf,No,2026-06-15,2026-06-15 18:27:37,https://www.naukri.com/,Naukri Applied,None,No
NK_1781528368,Jr Java/Java/Sr Java Developer,Wovv Technology,Pune,Remote,Applied via Naukri Bot Integration,4,Java Full Stack Developer,Unknown,Unknown,PAVAN_WAKADE_4+.pdf,No,2026-06-15,2026-06-15 18:29:28,https://www.naukri.com/job-listings-jr-java-java-sr-java-developer-wovv-technology-vadodara-2-to-5-years-030626019343,Naukri Applied,None,No
NK_1781528405,Java Reactive Programming,Software Company,Pune,Remote,Applied via Naukri Bot Integration,4,Java Full Stack Developer,Unknown,Unknown,PAVAN_WAKADE_4+.pdf,No,2026-06-15,2026-06-15 18:30:05,https://www.naukri.com/job-listings-java-reactive-programming-saino-koyo-consulting-noida-5-to-10-years-150626003701,Naukri Applied,None,No
NK_1781528544,"Associate Staff Engineer, Java Application Support",Nagarro,Pune,Remote,Applied via Naukri Bot Integration,4,Java Full Stack Developer,Unknown,Unknown,PAVAN_WAKADE_4+.pdf,No,2026-06-15,2026-06-15 18:32:24,https://www.naukri.com/job-listings-associate-staff-engineer-java-application-support-nagarro-gurugram-4-to-7-years-100626015365,Naukri Applied,None,No
NK_1781590934,Senior Software Engineer,Aeries Technology,Pune,Remote,Applied via Naukri Bot Integration,4,Java Full Stack Developer,Unknown,Unknown,PAVAN_WAKADE_4+.pdf,No,2026-06-16,2026-06-16 11:52:14,https://www.naukri.com/job-listings-senior-software-engineer-eteam-pune-6-to-9-years-160626006006,Naukri Applied,None,No
NK_1781591333,"Associate Staff Engineer, Java Application Support",Nagarro,Pune,Remote,Applied via Naukri Bot Integration,4,Java Full Stack Developer,Unknown,Unknown,PAVAN_WAKADE_4+.pdf,No,2026-06-16,2026-06-16 11:58:53,https://www.naukri.com/job-listings-associate-staff-engineer-java-application-support-nagarro-gurugram-4-to-7-years-100626015365,Naukri Applied,None,No
NK_1781591409,Software Engineer Backend iAcuity Fintech (WFH),Iacuity Telco,Pune,Remote,Applied via Naukri Bot Integration,4,Java Full Stack Developer,Unknown,Unknown,PAVAN_WAKADE_4+.pdf,No,2026-06-16,2026-06-16 12:00:09,https://www.naukri.com/job-listings-software-engineer-backend-iacuity-fintech-wfh-iacuity-telco-mumbai-5-to-10-years-170925025557,Naukri Applied,None,No
NK_1781591459,Backend Developer at A FinTech Company,Talentzo Delhi,Pune,Remote,Applied via Naukri Bot Integration,4,Java Full Stack Developer,Unknown,Unknown,PAVAN_WAKADE_4+.pdf,No,2026-06-16,2026-06-16 12:00:59,https://www.naukri.com/job-listings-backend-developer-at-a-fintech-company-talentzo-delhi-gurugram-5-to-8-years-200526042934,Naukri Applied,None,No
NK_1781591479,Backend Developer at An IT Service Company,Talentzo Delhi,Pune,Remote,Applied via Naukri Bot Integration,4,Java Full Stack Developer,Unknown,Unknown,PAVAN_WAKADE_4+.pdf,No,2026-06-16,2026-06-16 12:01:19,https://www.naukri.com/job-listings-backend-developer-at-an-it-service-company-talentzo-delhi-hyderabad-7-to-11-years-150626032200,Naukri Applied,None,No
NK_1781592984,Java Back End Developer,Pyramid It Consulting,Pune,Remote,Applied via Naukri Bot Integration,4,Java Full Stack Developer,Unknown,Unknown,PAVAN_WAKADE_4+.pdf,No,2026-06-16,2026-06-16 12:26:24,https://www.naukri.com/job-listings-java-back-end-developer-pyramid-it-consulting-pune-6-to-11-years-190526038197,Naukri Applied,None,No
NK_1781791599,Java Full Stack Developer,Codincity Digital Technologies,Pune,Remote,Applied via Naukri Bot Integration,4,Java Full Stack Developer,Unknown,Unknown,PAVAN_WAKADE_4+.pdf,No,2026-06-18,2026-06-18 19:36:39,https://www.naukri.com/job-listings-java-full-stack-developer-codincity-digital-technologies-bengaluru-10-to-18-years-170626023634,Naukri Applied,None,No
NK_1781791619,Hiring For Java fullstack developer,Kumaran Systems,Pune,Remote,Applied via Naukri Bot Integration,4,Java Full Stack Developer,Unknown,Unknown,PAVAN_WAKADE_4+.pdf,No,2026-06-18,2026-06-18 19:36:59,https://www.naukri.com/job-listings-hiring-for-java-fullstack-developer-kumaran-systems-chennai-5-to-10-years-180626013699,Naukri Applied,None,No
NK_1781791637,Senior Java Fullstack Developer,Stefanini,Pune,Remote,Applied via Naukri Bot Integration,4,Java Full Stack Developer,Unknown,Unknown,PAVAN_WAKADE_4+.pdf,No,2026-06-18,2026-06-18 19:37:17,https://www.naukri.com/job-listings-senior-java-fullstack-developer-stefanini-noida-10-to-20-years-170626018528,Naukri Applied,None,No
NK_1781791666,Java & Spark Developer,Global Technology Solutions Company @ Pune,Pune,Remote,Applied via Naukri Bot Integration,4,Java Full Stack Developer,Unknown,Unknown,PAVAN_WAKADE_4+.pdf,No,2026-06-18,2026-06-18 19:37:46,https://www.naukri.com/job-listings-java-spark-developer-brainsearch-consulting-pvt-ltd-pune-6-to-9-years-160626015362,Naukri Applied,None,No
NK_1781791685,Software Architect,Deltek,Pune,Remote,Applied via Naukri Bot Integration,4,Java Full Stack Developer,Unknown,Unknown,PAVAN_WAKADE_4+.pdf,No,2026-06-18,2026-06-18 19:38:05,https://www.naukri.com/job-listings-software-architect-deltek-bengaluru-8-to-13-years-180626024545,Naukri Applied,None,No
NK_1781791746,Software Engineer,Crossing Hurdles,Pune,Remote,Applied via Naukri Bot Integration,4,Java Full Stack Developer,Unknown,Unknown,PAVAN_WAKADE_4+.pdf,No,2026-06-18,2026-06-18 19:39:06,https://www.naukri.com/job-listings-software-engineer-crossing-hurdles-gurugram-3-to-8-years-180626021905,Naukri Applied,None,No
NK_1781791764,Senior Software Engineer,Fulcrum Worldwide Software,Pune,Remote,Applied via Naukri Bot Integration,4,Java Full Stack Developer,Unknown,Unknown,PAVAN_WAKADE_4+.pdf,No,2026-06-18,2026-06-18 19:39:24,https://www.naukri.com/job-listings-senior-software-engineer-fulcrum-worldwide-software-pune-7-to-8-years-180626013057,Naukri Applied,None,No
NK_1781791784,React Developer,Ascendion Engineering,Pune,Remote,Applied via Naukri Bot Integration,4,Java Full Stack Developer,Unknown,Unknown,PAVAN_WAKADE_4+.pdf,No,2026-06-18,2026-06-18 19:39:44,https://www.naukri.com/job-listings-react-developer-ascendion-engineering-bengaluru-5-to-10-years-180626023111,Naukri Applied,None,No
NK_1781791920,Senior Java Fullstack Developer,Stefanini,Pune,Remote,Applied via Naukri Bot Integration,4,Java Full Stack Developer,Unknown,Unknown,PAVAN_WAKADE_4+.pdf,No,2026-06-18,2026-06-18 19:42:00,https://www.naukri.com/job-listings-senior-java-fullstack-developer-stefanini-noida-10-to-20-years-170626018528,Naukri Applied,None,No
NK_1781791938,Software Architect,Deltek,Pune,Remote,Applied via Naukri Bot Integration,4,Java Full Stack Developer,Unknown,Unknown,PAVAN_WAKADE_4+.pdf,No,2026-06-18,2026-06-18 19:42:18,https://www.naukri.com/job-listings-software-architect-deltek-bengaluru-8-to-13-years-180626024545,Naukri Applied,None,No
NK_1781791956,Software Engineer,Crossing Hurdles,Pune,Remote,Applied via Naukri Bot Integration,4,Java Full Stack Developer,Unknown,Unknown,PAVAN_WAKADE_4+.pdf,No,2026-06-18,2026-06-18 19:42:36,https://www.naukri.com/job-listings-software-engineer-crossing-hurdles-gurugram-3-to-8-years-180626021905,Naukri Applied,None,No
NK_1781791974,Senior Software Engineer,Fulcrum Worldwide Software,Pune,Remote,Applied via Naukri Bot Integration,4,Java Full Stack Developer,Unknown,Unknown,PAVAN_WAKADE_4+.pdf,No,2026-06-18,2026-06-18 19:42:54,https://www.naukri.com/job-listings-senior-software-engineer-fulcrum-worldwide-software-pune-7-to-8-years-180626013057,Naukri Applied,None,No
NK_1781792101,Java Developer,Innova Solutions,Pune,Remote,Applied via Naukri Bot Integration,4,Java Full Stack Developer,Unknown,Unknown,PAVAN_WAKADE_4+.pdf,No,2026-06-18,2026-06-18 19:45:01,https://www.naukri.com/job-listings-java-developer-innova-solutions-hyderabad-7-to-10-years-300326014200,Naukri Applied,None,No
NK_1781792311,"Associate Staff Engineer, Java Application Support",Nagarro,Pune,Remote,Applied via Naukri Bot Integration,4,Java Full Stack Developer,Unknown,Unknown,PAVAN_WAKADE_4+.pdf,No,2026-06-18,2026-06-18 19:48:31,https://www.naukri.com/job-listings-associate-staff-engineer-java-application-support-nagarro-gurugram-4-to-7-years-160626019599,Naukri Applied,None,No
NK_1781792329,Java Back End Developer,Pyramid It Consulting,Pune,Remote,Applied via Naukri Bot Integration,4,Java Full Stack Developer,Unknown,Unknown,PAVAN_WAKADE_4+.pdf,No,2026-06-18,2026-06-18 19:48:49,https://www.naukri.com/job-listings-java-back-end-developer-pyramid-it-consulting-pune-6-to-11-years-190526038197,Naukri Applied,None,No
NK_1781792433,Node Js Backend Developer,Elbowcurve,Pune,Remote,Applied via Naukri Bot Integration,4,Java Full Stack Developer,Unknown,Unknown,PAVAN_WAKADE_4+.pdf,No,2026-06-18,2026-06-18 19:50:33,https://www.naukri.com/job-listings-node-js-backend-developer-elbowcurve-bengaluru-5-to-9-years-310526002894,Naukri Applied,None,No
NK_1781792538,Software Engineer,Ibrowsejobs Technologies,Pune,Remote,Applied via Naukri Bot Integration,4,Java Full Stack Developer,Unknown,Unknown,PAVAN_WAKADE_4+.pdf,No,2026-06-18,2026-06-18 19:52:18,https://www.naukri.com/job-listings-software-engineer-ibrowsejobs-technologies-bengaluru-0-to-5-years-190526017655,Naukri Applied,None,No
NK_1781793508,Senior Java Fullstack Developer,Stefanini,Pune,Remote,Applied via Naukri Bot Integration,4,Java Full Stack Developer,Unknown,Unknown,PAVAN_WAKADE_4+.pdf,No,2026-06-18,2026-06-18 20:08:28,https://www.naukri.com/job-listings-senior-java-fullstack-developer-stefanini-noida-10-to-20-years-170626018528,Naukri Applied,None,No
NK_1781793527,Software Architect,Deltek,Pune,Remote,Applied via Naukri Bot Integration,4,Java Full Stack Developer,Unknown,Unknown,PAVAN_WAKADE_4+.pdf,No,2026-06-18,2026-06-18 20:08:47,https://www.naukri.com/job-listings-software-architect-deltek-bengaluru-8-to-13-years-180626024545,Naukri Applied,None,No
NK_1781793544,Software Engineer,Crossing Hurdles,Pune,Remote,Applied via Naukri Bot Integration,4,Java Full Stack Developer,Unknown,Unknown,PAVAN_WAKADE_4+.pdf,No,2026-06-18,2026-06-18 20:09:04,https://www.naukri.com/job-listings-software-engineer-crossing-hurdles-gurugram-3-to-8-years-180626021905,Naukri Applied,None,No
NK_1781793562,Senior Software Engineer,Fulcrum Worldwide Software,Pune,Remote,Applied via Naukri Bot Integration,4,Java Full Stack Developer,Unknown,Unknown,PAVAN_WAKADE_4+.pdf,No,2026-06-18,2026-06-18 20:09:22,https://www.naukri.com/job-listings-senior-software-engineer-fulcrum-worldwide-software-pune-7-to-8-years-180626013057,Naukri Applied,None,No
NK_1781793863,"Associate Staff Engineer, Java Application Support",Nagarro,Pune,Remote,Applied via Naukri Bot Integration,4,Java Full Stack Developer,Unknown,Unknown,PAVAN_WAKADE_4+.pdf,No,2026-06-18,2026-06-18 20:14:23,https://www.naukri.com/job-listings-associate-staff-engineer-java-application-support-nagarro-gurugram-4-to-7-years-160626019599,Naukri Applied,None,No
NK_1781793881,Java Back End Developer,Pyramid It Consulting,Pune,Remote,Applied via Naukri Bot Integration,4,Java Full Stack Developer,Unknown,Unknown,PAVAN_WAKADE_4+.pdf,No,2026-06-18,2026-06-18 20:14:41,https://www.naukri.com/job-listings-java-back-end-developer-pyramid-it-consulting-pune-6-to-11-years-190526038197,Naukri Applied,None,No
NK_1781793984,Node Js Backend Developer,Elbowcurve,Pune,Remote,Applied via Naukri Bot Integration,4,Java Full Stack Developer,Unknown,Unknown,PAVAN_WAKADE_4+.pdf,No,2026-06-18,2026-06-18 20:16:24,https://www.naukri.com/job-listings-node-js-backend-developer-elbowcurve-bengaluru-5-to-9-years-310526002894,Naukri Applied,None,No
NK_1781794087,Software Engineer Staff,Programmers io,Pune,Remote,Applied via Naukri Bot Integration,4,Java Full Stack Developer,Unknown,Unknown,PAVAN_WAKADE_4+.pdf,No,2026-06-18,2026-06-18 20:18:07,https://www.naukri.com/job-listings-software-engineer-staff-programmers-io-hyderabad-5-to-10-years-020626024649,Naukri Applied,None,No
NK_1781794105,Senior Software Engineer,JustAnswer Innovations India Private Limited,Pune,Remote,Applied via Naukri Bot Integration,4,Java Full Stack Developer,Unknown,Unknown,PAVAN_WAKADE_4+.pdf,No,2026-06-18,2026-06-18 20:18:25,https://www.naukri.com/job-listings-senior-software-engineer-justanswer-innovations-india-private-limited-bengaluru-5-to-10-years-110626019809,Naukri Applied,None,No
NK_1781794131,Senior Software Engineer,PURETECH CODEX,Pune,Remote,Applied via Naukri Bot Integration,4,Java Full Stack Developer,Unknown,Unknown,PAVAN_WAKADE_4+.pdf,No,2026-06-18,2026-06-18 20:18:51,https://www.naukri.com/job-listings-senior-software-engineer-puretech-codex-pune-4-to-9-years-260526035628,Naukri Applied,None,No
NK_1781794151,C ++ Software Engineer,dext ai,Pune,Remote,Applied via Naukri Bot Integration,4,Java Full Stack Developer,Unknown,Unknown,PAVAN_WAKADE_4+.pdf,No,2026-06-18,2026-06-18 20:19:11,https://www.naukri.com/job-listings-c-software-engineer-dext-ai-gurugram-3-to-8-years-220526013202,Naukri Applied,None,No
NK_1781794178,Senior Software Engineer,Recruito,Pune,Remote,Applied via Naukri Bot Integration,4,Java Full Stack Developer,Unknown,Unknown,PAVAN_WAKADE_4+.pdf,No,2026-06-18,2026-06-18 20:19:38,https://www.naukri.com/job-listings-senior-software-engineer-recruito-bengaluru-5-to-9-years-200526035948,Naukri Applied,None,No
NK_1781794514,Senior Software Engineer at An IT Service Company,Talentzo Delhi,Pune,Remote,Applied via Naukri Bot Integration,4,Java Full Stack Developer,Unknown,Unknown,PAVAN_WAKADE_4+.pdf,No,2026-06-18,2026-06-18 20:25:14,https://www.naukri.com/job-listings-senior-software-engineer-at-an-it-service-company-talentzo-delhi-hyderabad-7-to-10-years-210526026983,Naukri Applied,None,No
NK_1781927309,Senior Java Fullstack Developer,Stefanini,Pune,Remote,Applied via Naukri Bot Integration,4,Java Full Stack Developer,Unknown,Unknown,PAVAN_WAKADE_4+.pdf,No,2026-06-20,2026-06-20 09:18:29,https://www.naukri.com/job-listings-senior-java-fullstack-developer-stefanini-noida-10-to-20-years-170626018528,Naukri Applied,None,No
NK_1781927327,Software Architect,Deltek,Pune,Remote,Applied via Naukri Bot Integration,4,Java Full Stack Developer,Unknown,Unknown,PAVAN_WAKADE_4+.pdf,No,2026-06-20,2026-06-20 09:18:47,https://www.naukri.com/job-listings-software-architect-deltek-bengaluru-8-to-13-years-180626024545,Naukri Applied,None,No
NK_1781942525,Senior Java Fullstack Developer,Stefanini,Pune,Remote,Applied via Naukri Bot Integration,4,Java Full Stack Developer,Unknown,Unknown,PAVAN_WAKADE_4+.pdf,No,2026-06-20,2026-06-20 13:32:05,https://www.naukri.com/job-listings-senior-java-fullstack-developer-stefanini-noida-10-to-20-years-170626018528,Naukri Applied,None,No
NK_1781942543,Software Architect,Deltek,Pune,Remote,Applied via Naukri Bot Integration,4,Java Full Stack Developer,Unknown,Unknown,PAVAN_WAKADE_4+.pdf,No,2026-06-20,2026-06-20 13:32:23,https://www.naukri.com/job-listings-software-architect-deltek-bengaluru-8-to-13-years-180626024545,Naukri Applied,None,No
2026-06-23 10:38:43,Java Full Stack Developer,ti Steps,applied,
2026-06-23 10:38:52,Java Full Stack Developer,Orcapod Consulting Services,applied,
2026-06-23 10:39:00,Java Full Stack Developer,Infosys,applied,
2026-06-23 10:39:08,Java Full Stack Developer,Canvendor Software solutions,applied,
2026-06-23 10:39:16,Java Full Stack Developer - (Hyderabad),Infosys,applied,
2026-06-23 10:39:45,Senior Java Full Stack Developer,CIEL HR,applied,
2026-06-23 10:39:53,Java Full Stack Developer,Buzzworks,applied,
2026-06-23 10:41:33,Java Full Stack Developer (React),Infosys,applied,
2026-06-23 10:41:42,Java Full Stack Developer (Angular),Infosys,applied,
2026-06-23 10:41:50,Java Full Stack Developer,Infosys,applied,
2026-06-23 10:41:58,Java Full Stack Developer,Tata Consultancy Services,applied,
2026-06-23 10:42:23,Java Full Stack Developer,PTC,applied,
2026-06-23 10:47:53,Developer,ti Steps,applied,
2026-06-23 10:48:03,Backend Systems Developer,Cogenthub,applied,
2026-06-23 10:48:11,Sap Hybris Developer,Bounteous x Accolite,applied,
2026-06-23 10:48:20,CDGC Developer,Blue Rock Management India,applied,
2026-06-23 10:53:50,Backend Systems Developer,Cogenthub,applied,
2026-06-23 10:53:59,Sap Hybris Developer,Bounteous x Accolite,applied,
2026-06-23 10:54:07,CDGC Developer,Blue Rock Management India,applied,
2026-06-23 10:54:15,Web3 Fundraising Lead,Antier Solutions,applied,
2026-06-23 11:15:55,CDGC Developer,Blue Rock Management India,applied,
2026-06-23 11:23:36,Sap Hybris Developer,Bounteous x Accolite,applied,
2026-06-23 11:40:22,CDGC Developer,Blue Rock Management India,applied,
2026-06-23 13:43:36,CDGC Developer,Blue Rock Management India,applied,
2026-06-23 14:30:11,Senior Full Stack Engineer,Augmont Goldtech,applied,
2026-06-23 14:32:55,"Survey Programmer / Senior Survey Programmer | Remote | Delhi, India",Talentra Global Group,applied,
2026-06-23 14:37:09,Sap Hybris Developer,Bounteous x Accolite,applied,
2026-06-24 12:00:00,Full Stack .Net Developer,Doorstep Management Services,applied,
2026-06-24 12:14:46,GenAI Developer,HackerEarth,applied,
2026-06-24 12:28:29,Senior Data Engineer - Pune - Rudder Analytics,Rudder Analytics,applied,
2026-06-24 12:49:34,Python Backend Developer,Unify Technologies,applied,
2026-06-24 12:49:53,Python Backend Developer,Unify Technologies,applied,
2026-06-24 19:37:53,Full Stack Developer (Java + Angular),Mindwise Technologies,applied_external,Applied via company site: https://mindwisetech.com/full-stack
2026-06-24 20:41:36,KVM Developer,NS Global Corporation,applied,,https://www.naukri.com/job-listings-kvm-developer-ns-global-corporation-remote-1-to-5-years-210526505412?src=directSearch&sid=17823127870765308&xp=18&px=1,https://www.naukri.com/myapply/saveApply?strJobsarr=[210526505412]&applytype=single&resId=331608664&ApplyMode=1&id=342682580&src=h&logstr=ArayCompanyApply---directSearch-18-F-0-1--17823127870765308--directSearch&applySrc=ArayCompanyApply-directSearch&multiApplyResp=%7B%22210526505412%22%3A200%7D&jobTitle=KVM%20Developer
2026-06-24 21:09:34,HCL Unica Developer,Entnt,applied,,https://www.naukri.com/job-listings-hcl-unica-developer-entnt-remote-3-to-8-years-131025501730?src=directSearch&sid=17823152584538365&xp=11&px=1,https://careers.entnt.in/notfound
2026-06-24 21:10:11,Senior Java Developer,Immersive Infotech,applied,,https://www.naukri.com/job-listings-senior-java-developer-immerse-infocom-pvt-ltd-remote-2-to-5-years-090625504211?src=directSearch&sid=17823152584538365&xp=12&px=1,https://www.immersiveinfotech.com/career-details
